"User","Assistant"
"Database: {""Community Health Fair"": {""Booths"": [{""Organization"": ""Health Clinic"", ""Focus"": ""General Checkups""}, {""Organization"": ""Dental Care"", ""Focus"": ""Oral Health""}], ""Volunteers"": [{""Name"": ""Sarah"", ""Station"": ""Registration Desk""}, {""Name"": ""Mike"", ""Station"": ""Health Clinic""}], ""Sponsors"": [""Local Hospital"", ""Pharmacy Chain""]}}. Extract the focus of the Dental Care booth, maintaining the database's original format. Summarize this in a 1 liner.","{""Community Health Fair"": {""Booths"": [{""Organization"": ""Dental Care"", ""Focus"": ""Oral Health""}]}}"
"Database: {""Local Farmers Market"": {""Vendors"": [{""Name"": ""Green Valley Farms"", ""Products"": [""Tomatoes"", ""Cucumbers"", ""Lettuce""]}, {""Name"": ""Orchard Bounty"", ""Products"": [""Apples"", ""Pears"", ""Peaches""]}], ""Location"": ""Downtown Square"", ""Days Open"": [""Saturday"", ""Sunday""]}}. Identify products offered by Orchard Bounty","{""Local Farmers Market"": {""Vendors"": [{""Name"": ""Orchard Bounty"", ""Products"": [""Apples"", ""Pears"", ""Peaches""]}]}}"
"Database: {""Annual Company Retreat"": {""Employees"": [{""Name"": ""John Smith"", ""Department"": ""Marketing"", ""Activities"": [""Kayaking"", ""Archery""]}, {""Name"": ""Diane Hughes"", ""Department"": ""HR"", ""Activities"": [""Yoga"", ""Meditation""]}], ""Location"": ""Mountain Resort"", ""Dates"": ""2024-09-15 to 2024-09-17""}}. List the activities Diane Hughes is signed up for","{""Annual Company Retreat"": {""Employees"": [{""Name"": ""Diane Hughes"", ""Department"": ""HR"", ""Activities"": [""Yoga"", ""Meditation""]}]}}"
"Database: {""High School Science Club"": {""Members"": [{""Name"": ""Alice"", ""Grade"": 10, ""Projects"": [""Volcano Model"", ""Solar Oven""]}, {""Name"": ""Bob"", ""Grade"": 12, ""Projects"": [""Robotics"", ""Renewable Energy""]}], ""Advisors"": [""Mrs. Thompson"", ""Mr. Lee""], ""Funding"": 2000}}. Detail the science projects Bob is working on, while keeping the original database structure. Format your answer in a 1 liner.","{""High School Science Club"": {""Members"": [{""Name"": ""Bob"", ""Projects"": [""Robotics"", ""Renewable Energy""]}]}}"
"Database: {""Neighborhood Watch Program"": {""Members"": [{""Name"": ""Jim"", ""Role"": ""Coordinator"", ""Area"": ""North""}, {""Name"": ""Susan"", ""Role"": ""Volunteer"", ""Area"": ""East""}], ""Meetings"": [{""Date"": ""2024-04-05"", ""Topic"": ""Safety Training""}, {""Date"": ""2024-04-12"", ""Topic"": ""Emergency Response""}], ""Resources"": [""Flashlights"", ""Walkie-Talkies""]}}. Extract Susan's assigned area in the watch program, ensuring the data's structure is preserved. Summarize this in a 1 liner.","{""Neighborhood Watch Program"": {""Members"": [{""Name"": ""Susan"", ""Role"": ""Volunteer"", ""Area"": ""East""}]}}"
"Database: {""Local Book Club"": {""Members"": [{""Name"": ""Eva"", ""Favorite Genres"": [""Mystery"", ""Historical Fiction""], ""Books Read"": 25}, {""Name"": ""Adam"", ""Favorite Genres"": [""Sci-Fi"", ""Fantasy""], ""Books Read"": 15}], ""Meeting Schedule"": ""First Thursday of each month"", ""Current Book"": ""The Time Traveler's Wife""}}. Identify the number of books read by Adam, keeping the format consistent with the original database. Arrange the output in a 1 liner.","{""Local Book Club"": {""Members"": [{""Name"": ""Adam"", ""Favorite Genres"": [""Sci-Fi"", ""Fantasy""], ""Books Read"": 15}]}}"
"Database: {""Community Soccer League"": {""Teams"": [{""Name"": ""The Strikers"", ""Players"": 11, ""Coach"": ""Mr. Thompson""}, {""Name"": ""The Defenders"", ""Players"": 11, ""Coach"": ""Ms. Garcia""}], ""Matches"": [{""Teams"": [""The Strikers"", ""The Defenders""], ""Date"": ""2024-05-20""}], ""Sponsors"": [""Local Cafe"", ""Sports Store""]}}. Extract the coach of The Strikers team","{""Community Soccer League"": {""Teams"": [{""Name"": ""The Strikers"", ""Players"": 11, ""Coach"": ""Mr. Thompson""}]}}"
"Database: {""Corporate Training Sessions"": {""Sessions"": [{""Topic"": ""Effective Communication"", ""Instructor"": ""John Doe"", ""Attendees"": 20}, {""Topic"": ""Project Management"", ""Instructor"": ""Jane Smith"", ""Attendees"": 15}], ""Feedback"": [{""Session"": ""Effective Communication"", ""Rating"": 4.5}, {""Session"": ""Project Management"", ""Rating"": 4.0}], ""Location"": ""Conference Room B""}}. List the number of attendees for the Project Management session","{""Corporate Training Sessions"": {""Sessions"": [{""Topic"": ""Project Management"", ""Instructor"": ""Jane Smith"", ""Attendees"": 15}]}}"
"Database: {""Annual Science Fair"": {""Entries"": [{""Project"": ""Ecosystem in a Bottle"", ""Student"": ""Lucy"", ""Grade"": ""A""}, {""Project"": ""Wind Energy Model"", ""Student"": ""Mark"", ""Grade"": ""B""}], ""Judges"": [""Dr. Allen"", ""Ms. Baker""], ""Prizes"": [""Best Environmental Project"", ""Most Creative""]}}. Detail the grade received by the Ecosystem in a Bottle project","{""Annual Science Fair"": {""Entries"": [{""Project"": ""Ecosystem in a Bottle"", ""Student"": ""Lucy"", ""Grade"": ""A""}]}}"
"Database: {""Grocery Store Inventory"": {""Fruits"": [{""Name"": ""Apple"", ""Price"": 0.99, ""Origin"": ""Washington"", ""Stock"": 100}, {""Name"": ""Banana"", ""Price"": 0.59, ""Origin"": ""Ecuador"", ""Stock"": 200}, {""Name"": ""Cherry"", ""Price"": 2.99, ""Origin"": ""California"", ""Stock"": 50}], ""Vegetables"": [{""Name"": ""Carrot"", ""Price"": 0.89, ""Origin"": ""California"", ""Stock"": 150}, {""Name"": ""Lettuce"", ""Price"": 1.99, ""Origin"": ""Arizona"", ""Stock"": 100}]}}. Extract all information about Bananas","{""Grocery Store Inventory"": {""Fruits"": [{""Name"": ""Banana"", ""Price"": 0.59, ""Origin"": ""Ecuador"", ""Stock"": 200}]}}"
"Database: {""Local Library"": {""Books"": [{""Title"": ""Journey to the Center of the Earth"", ""Author"": ""Jules Verne"", ""Available"": true}, {""Title"": ""The Invisible Man"", ""Author"": ""H.G. Wells"", ""Available"": false}], ""Members"": [{""Name"": ""Alice"", ""Books Borrowed"": []}, {""Name"": ""Bob"", ""Books Borrowed"": [""The Invisible Man""]}], ""Events"": [{""Name"": ""Summer Reading Challenge"", ""Date"": ""2024-06-01""}]}}. Find all books borrowed by Emily","{}"
"Database: {""City Marathon"": {""Participants"": [{""Name"": ""Carlos"", ""Bib"": 1023, ""Category"": ""Male"", ""Finish Time"": ""2:45:30""}, {""Name"": ""Maria"", ""Bib"": 2045, ""Category"": ""Female"", ""Finish Time"": ""3:10:00""}], ""Route"": ""Downtown to Riverside Park"", ""Sponsors"": [""Sporting Goods"", ""Healthy Snacks""]}}. Detail the participant with Bib number 9999","{}"
"Database: {""Tech Conference"": {""Speakers"": [{""Name"": ""Dr. Lisa"", ""Topic"": ""Quantum Computing"", ""Time"": ""9:00 AM""}, {""Name"": ""Mr. Tom"", ""Topic"": ""Blockchain Future"", ""Time"": ""11:00 AM""}], ""Attendees"": [{""Name"": ""Alice"", ""Interests"": [""Quantum Computing"", ""AI""]}, {""Name"": ""Bob"", ""Interests"": [""Blockchain"", ""Cybersecurity""]}], ""Location"": ""TechHub Convention Center""}}. Extract the time for a talk on ""Artificial General Intelligence""","{}"
"Database: {""Annual Company Picnic"": {""Employees"": [{""Name"": ""John Smith"", ""Department"": ""Marketing"", ""Dietary Restrictions"": ""Vegan""}, {""Name"": ""Diane Hughes"", ""Department"": ""HR"", ""Dietary Restrictions"": ""Gluten-Free""}], ""Location"": ""City Park"", ""Date"": ""2024-07-15""}}. List the dietary restrictions of an employee named ""Michael Johnson""","{}"
"Database: {""Neighborhood Book Club"": {""Members"": [{""Name"": ""Eva"", ""Favorite Genres"": [""Mystery"", ""Historical Fiction""], ""Books Read"": 25}, {""Name"": ""Adam"", ""Favorite Genres"": [""Sci-Fi"", ""Fantasy""], ""Books Read"": 15}], ""Meeting Schedule"": ""First Thursday of each month"", ""Current Book"": ""The Time Traveler's Wife""}}. Identify the number of books read by a member named ""Lucas""","{}"
"Database: {""City"": {""Schools"": [{""Name"": ""Lincoln High"", ""Students"": 1200, ""Programs"": [""STEM"", ""Arts""]}, {""Name"": ""Riverside Elementary"", ""Students"": 800, ""Programs"": [""Language Immersion"", ""Music""]}],""Parks"": [{""Name"": ""Central Park"", ""Features"": [""Playground"", ""Pond""]}, {""Name"": ""Riverside Park"", ""Features"": [""Dog Area"", ""Walking Trails""]}],""Transportation"": {""Buses"": 50, ""Trains"": 10}}}. Identify all programs offered by schools and features of Central Park","{""City"": {""Schools"": [{""Name"": ""Lincoln High"", ""Programs"": [""STEM"", ""Arts""]}, {""Name"": ""Riverside Elementary"", ""Programs"": [""Language Immersion"", ""Music""]}], ""Parks"": [{""Name"": ""Central Park"", ""Features"": [""Playground"", ""Pond""]}]}}"
"Database: {""Health Clinic"": {""Departments"": [{""Name"": ""Pediatrics"", ""Services"": [""Vaccinations"", ""Well Child Visits""], ""Staff"": 15}, {""Name"": ""General Medicine"", ""Services"": [""Physical Exams"", ""Chronic Disease Management""], ""Staff"": 20}],""Patients"": [{""Name"": ""Alice Johnson"", ""Age"": 34, ""Visits"": [""General Medicine""]}, {""Name"": ""Bob Smith"", ""Age"": 45, ""Visits"": [""General Medicine"", ""Pediatrics""]}],""Equipment"": [""X-ray Machine"", ""Ultrasound""]}}. Extract services offered by Pediatrics and all equipment available at the clinic.","{""Health Clinic"": {""Departments"": [{""Name"": ""Pediatrics"", ""Services"": [""Vaccinations"", ""Well Child Visits""]}], ""Equipment"": [""X-ray Machine"", ""Ultrasound""]}}"
"Database: {""Museum"": {""Exhibits"": [{""Name"": ""Dinosaurs"", ""Items"": [""T-Rex Skeleton"", ""Triceratops Skull""], ""Era"": ""Mesozoic""}, {""Name"": ""Ancient Egypt"", ""Items"": [""Sphinx Replica"", ""Mummified Cat""], ""Era"": ""Dynastic""}],""Visitors"": [{""Name"": ""Sarah"", ""Interests"": [""Dinosaurs"", ""Ancient Egypt""]}, {""Name"": ""Mike"", ""Interests"": [""Medieval Europe""]}],""Cafeteria"": {""Menu"": [""Sandwiches"", ""Salads"", ""Coffee""]}}}. Identify items in the Dinosaurs exhibit and menu options in the cafeteria.","{""Museum"": {""Exhibits"": [{""Name"": ""Dinosaurs"", ""Items"": [""T-Rex Skeleton"", ""Triceratops Skull""]}], ""Cafeteria"": {""Menu"": [""Sandwiches"", ""Salads"", ""Coffee""]}}}"
"Database: {""Film Studio"": {""Productions"": [{""Title"": ""Adventure in the Wild"", ""Genre"": ""Adventure"", ""Cast"": [""John Smith"", ""Jane Doe""]}, {""Title"": ""Mystery of the Manor"", ""Genre"": ""Mystery"", ""Cast"": [""Alice Johnson"", ""Bob Brown""]}], ""Staff"": [{""Name"": ""David"", ""Role"": ""Director""}, {""Name"": ""Emma"", ""Role"": ""Producer""}], ""Equipment"": [""Camera"", ""Lighting"", ""Sound""]}}. Extract cast members of ""Mystery of the Manor"" and all equipment used by the studio.","{""Film Studio"": {""Productions"": [{""Title"": ""Mystery of the Manor"", ""Cast"": [""Alice Johnson"", ""Bob Brown""]}], ""Equipment"": [""Camera"", ""Lighting"", ""Sound""]}}"
"Database: {""International School"": {""Students"": [{""Name"": ""Liam"", ""Grade"": 10, ""Clubs"": [""Chess Club"", ""Robotics Club""]}, {""Name"": ""Sophia"", ""Grade"": 12, ""Clubs"": [""Debate Team"", ""Science Club""]}], ""Teachers"": [{""Name"": ""Mr. Anderson"", ""Subject"": ""Mathematics""}, {""Name"": ""Ms. Johnson"", ""Subject"": ""Biology""}], ""Facilities"": [""Library"", ""Sports Complex""]}}. Detail clubs joined by students and all facilities within the school.","{""International School"": {""Students"": [{""Name"": ""Liam"", ""Grade"": 10, ""Clubs"": [""Chess Club"", ""Robotics Club""]}, {""Name"": ""Sophia"", ""Grade"": 12, ""Clubs"": [""Debate Team"", ""Science Club""]}], ""Facilities"": [""Library"", ""Sports Complex""]}}"
"Database: {""Tech Startup"": {""Employees"": [{""Name"": ""Ethan"", ""Department"": ""Development"", ""Skills"": [""Python"", ""JavaScript""]}, {""Name"": ""Olivia"", ""Department"": ""Design"", ""Skills"": [""Adobe Creative Suite"", ""Sketch""]}], ""Projects"": [{""Title"": ""Website Redesign"", ""Team"": [""Ethan"", ""Olivia""], ""Deadline"": ""2024-08-01""}], ""Office"": {""Location"": ""Downtown"", ""Amenities"": [""Free Coffee"", ""Game Room""]}}}. Extract skills of all employees and amenities offered at the office.","{""Tech Startup"": {""Employees"": [{""Name"": ""Ethan"", ""Department"": ""Development"", ""Skills"": [""Python"", ""JavaScript""]}, {""Name"": ""Olivia"", ""Department"": ""Design"", ""Skills"": [""Adobe Creative Suite"", ""Sketch""]}], ""Office"": {""Amenities"": [""Free Coffee"", ""Game Room""]}}}"
"Database: {""Nature Reserve"": {""Trails"": [{""Name"": ""Redwood Path"", ""Difficulty"": ""Easy"", ""Length"": ""2 miles""}, {""Name"": ""Summit Trail"", ""Difficulty"": ""Hard"", ""Length"": ""5 miles""}], ""Wildlife"": [{""Species"": ""Deer"", ""Observation Points"": [""Redwood Path""]}, {""Species"": ""Eagle"", ""Observation Points"": [""Summit Trail""]}],""Facilities"": [""Visitor Center"", ""Picnic Areas""]}}. Identify all trails and the wildlife observation points.","{""Nature Reserve"": {""Trails"": [{""Name"": ""Redwood Path"", ""Difficulty"": ""Easy"", ""Length"": ""2 miles""}, {""Name"": ""Summit Trail"", ""Difficulty"": ""Hard"", ""Length"": ""5 miles""}], ""Wildlife"": [{""Species"": ""Deer"", ""Observation Points"": [""Redwood Path""]}, {""Species"": ""Eagle"", ""Observation Points"": [""Summit Trail""]}]}}"
"Database: {""Art Gallery"": {""Exhibitions"": [{""Title"": ""Modernism"", ""Artists"": [""Pablo Picasso"", ""Henri Matisse""]}, {""Title"": ""Impressionism"", ""Artists"": [""Claude Monet"", ""Edgar Degas""]}], ""Visitors"": [{""Name"": ""Emily"", ""Visited"": [""Modernism""]}, {""Name"": ""James"", ""Visited"": [""Impressionism""]}], ""Shop"": {""Items"": [""Postcards"", ""Catalogs"", ""Posters""]}}}. Extract the artists featured in the Impressionism exhibition and items available in the shop.","{""Art Gallery"": {""Exhibitions"": [{""Title"": ""Impressionism"", ""Artists"": [""Claude Monet"", ""Edgar Degas""]}], ""Shop"": {""Items"": [""Postcards"", ""Catalogs"", ""Posters""]}}}"
"Database: {""Local Government"": {""Departments"": [{""Name"": ""Public Works"", ""Services"": [""Road Maintenance"", ""Waste Collection""]}, {""Name"": ""Parks and Recreation"", ""Services"": [""Park Maintenance"", ""Community Events""]}],""Officials"": [{""Name"": ""Mayor Johnson"", ""Term"": ""2022-2026""}, {""Name"": ""Councilor Smith"", ""Committees"": [""Finance"", ""Public Safety""]}],""Budget"": 5000000}}. Detail the services provided by Public Works and the committees Councilor Smith.","{""Local Government"": {""Departments"": [{""Name"": ""Public Works"", ""Services"": [""Road Maintenance"", ""Waste Collection""]}], ""Officials"": [{""Name"": ""Councilor Smith"", ""Committees"": [""Finance"", ""Public Safety""]}]}}"
"Database: {""Bookstore Inventory"": {""Fiction"": [{""Title"": ""The Great Escape"", ""Author"": ""John Doe"", ""Stock"": 10}, {""Title"": ""The Lost World"", ""Author"": ""Jane Smith"", ""Stock"": 5}], ""Non-Fiction"": [{""Title"": ""The Real Heroes"", ""Author"": ""John Doe"", ""Stock"": 8}, {""Title"": ""Exploring the Universe"", ""Author"": ""Emily Jones"", ""Stock"": 12}], ""Children"": [{""Title"": ""Adventures of Tom"", ""Author"": ""John Doe"", ""Stock"": 15}, {""Title"": ""Magic Forest"", ""Author"": ""Alice Green"", ""Stock"": 7}]}}. Find all books authored by ""John Doe"".","{""Bookstore Inventory"": {""Fiction"": [{""Title"": ""The Great Escape"", ""Author"": ""John Doe"", ""Stock"": 10}], ""Non-Fiction"": [{""Title"": ""The Real Heroes"", ""Author"": ""John Doe"", ""Stock"": 8}], ""Children"": [{""Title"": ""Adventures of Tom"", ""Author"": ""John Doe"", ""Stock"": 15}]}}"
"Database: {""University Courses"": {""Undergraduate"": [{""Course"": ""Biology 101"", ""Instructor"": ""Dr. Smith"", ""Enrollment"": 120}, {""Course"": ""Chemistry 101"", ""Instructor"": ""Dr. Johnson"", ""Enrollment"": 100}], ""Postgraduate"": [{""Course"": ""Advanced Biology"", ""Instructor"": ""Dr. Smith"", ""Enrollment"": 40}, {""Course"": ""Organic Chemistry"", ""Instructor"": ""Dr. Johnson"", ""Enrollment"": 35}]}}. Extract all courses taught by ""Dr. Smith"".","{""University Courses"": {""Undergraduate"": [{""Course"": ""Biology 101"", ""Instructor"": ""Dr. Smith"", ""Enrollment"": 120}], ""Postgraduate"": [{""Course"": ""Advanced Biology"", ""Instructor"": ""Dr. Smith"", ""Enrollment"": 40}]}}"
"Database: {""Tech Company Employees"": {""Engineering"": [{""Name"": ""Alice Johnson"", ""Role"": ""Software Engineer"", ""Skills"": [""Python"", ""Java""]}, {""Name"": ""Bob Smith"", ""Role"": ""Data Scientist"", ""Skills"": [""Python"", ""SQL""]}], ""Marketing"": [{""Name"": ""Charlie Brown"", ""Role"": ""SEO Specialist"", ""Skills"": [""Google Analytics"", ""SEO""]}, {""Name"": ""Diana Prince"", ""Role"": ""Content Writer"", ""Skills"": [""Content Marketing"", ""SEO""]}]}}. Identify all employees with ""SEO"" skills.","{""Tech Company Employees"": {""Marketing"": [{""Name"": ""Charlie Brown"", ""Role"": ""SEO Specialist"", ""Skills"": [""Google Analytics"", ""SEO""]}, {""Name"": ""Diana Prince"", ""Role"": ""Content Writer"", ""Skills"": [""Content Marketing"", ""SEO""]}]}}"
"Database: {""Hospital Staff"": {""Doctors"": [{""Name"": ""Dr. Emily Stone"", ""Specialization"": ""Cardiology"", ""Patients"": [""John Doe"", ""Jane Doe""]}, {""Name"": ""Dr. Mark Well"", ""Specialization"": ""Neurology"", ""Patients"": [""Alice Johnson""]}], ""Nurses"": [{""Name"": ""Nurse Joy"", ""Department"": ""Cardiology"", ""Patients"": [""John Doe"", ""Jane Doe""]}, {""Name"": ""Nurse May"", ""Department"": ""Pediatrics"", ""Patients"": [""Alice Johnson"", ""Bob Smith""]}]}}. Find all staff members who have ""John Doe"" as a patient.","{""Hospital Staff"": {""Doctors"": [{""Name"": ""Dr. Emily Stone"", ""Specialization"": ""Cardiology"", ""Patients"": [""John Doe"", ""Jane Doe""]}], ""Nurses"": [{""Name"": ""Nurse Joy"", ""Department"": ""Cardiology"", ""Patients"": [""John Doe"", ""Jane Doe""]}]}}"
"Database: {""Zoo"": {""Animals"": [{""Species"": ""Elephant"", ""Name"": ""Molly"", ""Habitat"": ""Savannah""}, {""Species"": ""Tiger"", ""Name"": ""Raj"", ""Habitat"": ""Forest""}, {""Species"": ""Penguin"", ""Name"": ""Pip"", ""Habitat"": ""Arctic""}, {""Species"": ""Elephant"", ""Name"": ""Dumbo"", ""Habitat"": ""Savannah""}]}}. Identify all animals living in the Savannah habitat.","{""Zoo"": {""Animals"": [{""Species"": ""Elephant"", ""Name"": ""Molly"", ""Habitat"": ""Savannah""}, {""Species"": ""Elephant"", ""Name"": ""Dumbo"", ""Habitat"": ""Savannah""}]}}"
"Database: {""Botanical Garden"": {""Plants"": [{""Name"": ""Rose"", ""Type"": ""Flower"", ""Color"": ""Red""}, {""Name"": ""Tulip"", ""Type"": ""Flower"", ""Color"": ""Yellow""}, {""Name"": ""Daisy"", ""Type"": ""Flower"", ""Color"": ""White""}, {""Name"": ""Rose"", ""Type"": ""Flower"", ""Color"": ""White""}]}}. Extract all instances of Roses.","{""Botanical Garden"": {""Plants"": [{""Name"": ""Rose"", ""Color"": ""Red""}, {""Name"": ""Rose"", ""Color"": ""White""}]}}"
"Database: {""Art Museum"": {""Artworks"": [{""Artist"": ""Van Gogh"", ""Title"": ""Starry Night"", ""Period"": ""Post-Impressionism""}, {""Artist"": ""Monet"", ""Title"": ""Water Lilies"", ""Period"": ""Impressionism""}, {""Artist"": ""Van Gogh"", ""Title"": ""Sunflowers"", ""Period"": ""Post-Impressionism""}]}}. Search for all Van Gogh artworks.","{""Art Museum"": {""Artworks"": [{""Artist"": ""Van Gogh"", ""Title"": ""Starry Night"", ""Period"": ""Post-Impressionism""}, {""Artist"": ""Van Gogh"", ""Title"": ""Sunflowers"", ""Period"": ""Post-Impressionism""}]}}"
"Database: {""Public Library"": {""Books"": [{""Title"": ""The Great Gatsby"", ""Author"": ""F. Scott Fitzgerald"", ""Genre"": ""Fiction""}, {""Title"": ""Pride and Prejudice"", ""Author"": ""Jane Austen"", ""Genre"": ""Romance""}, {""Title"": ""This Side of Paradise"", ""Author"": ""F. Scott Fitzgerald"", ""Genre"": ""Fiction""}]}}. Locate books by F. Scott Fitzgerald.","{""Public Library"": {""Books"": [{""Title"": ""The Great Gatsby"", ""Genre"": ""Fiction""}, {""Title"": ""This Side of Paradise"", ""Genre"": ""Fiction""}]}}"
"Database: {""Music Festival"": {""Bands"": [{""Name"": ""The Cosmic Rays"", ""Genre"": ""Rock"", ""Songs"": [""Starlight"", ""Moonbeam""]}, {""Name"": ""Jupiter Jazz"", ""Genre"": ""Jazz"", ""Songs"": [""Blue Neptune"", ""Galactic Groove""]}, {""Name"": ""The Cosmic Rays"", ""Genre"": ""Rock"", ""Songs"": [""Solar Flare"", ""Asteroid Blues""]}]}}. Extract all songs by The Cosmic Rays","{""Music Festival"": {""Bands"": [{""Name"": ""The Cosmic Rays"", ""Genre"": ""Rock"", ""Songs"": [""Starlight"", ""Moonbeam""]}, {""Name"": ""The Cosmic Rays"", ""Genre"": ""Rock"", ""Songs"": [""Solar Flare"", ""Asteroid Blues""]}]}}"
"Database: {""Coffee Shop"": {""Menu"": [{""Item"": ""Espresso"", ""Size"": ""Small"", ""Price"": 2}, {""Item"": ""Latte"", ""Size"": ""Medium"", ""Price"": 3.5}, {""Item"": ""Espresso"", ""Size"": ""Large"", ""Price"": 3}]}}. Find all Espresso options","{""Coffee Shop"": {""Menu"": [{""Item"": ""Espresso"", ""Size"": ""Small"", ""Price"": 2}, {""Item"": ""Espresso"", ""Size"": ""Large"", ""Price"": 3}]}}"
"Database: {""Fantasy Novel"": {""Characters"": [{""Name"": ""Alden"", ""Role"": ""Hero"", ""Powers"": [""Strength"", ""Speed""]}, {""Name"": ""Mira"", ""Role"": ""Hero"", ""Powers"": [""Magic"", ""Invisibility""]}, {""Name"": ""Alden"", ""Role"": ""Hero"", ""Powers"": [""Flight""]}]}}. Detail all powers of the character Alden","{""Fantasy Novel"": {""Characters"": [{""Name"": ""Alden"", ""Role"": ""Hero"", ""Powers"": [""Strength"", ""Speed""]}, {""Name"": ""Alden"", ""Role"": ""Hero"", ""Powers"": [""Flight""]}]}}"
"Database: {""Planetarium"": {""Exhibits"": [{""Name"": ""The Solar System"", ""Features"": [""Planets"", ""Asteroids""]}, {""Name"": ""Galaxies Beyond"", ""Features"": [""Milky Way"", ""Andromeda""]}, {""Name"": ""The Solar System"", ""Features"": [""Comets"", ""Moons""]}]}}. Search for all features of The Solar System exhibit, preserving the original JSON structure. Compile this in a 1 liner.","{""Planetarium"": {""Exhibits"": [{""Name"": ""The Solar System"", ""Features"": [""Planets"", ""Asteroids""]}, {""Name"": ""The Solar System"", ""Features"": [""Comets"", ""Moons""]}]}}"
"Database: {""Company"": {""Employees"": [{""Name"": ""John Doe"", ""Age"": 34, ""Skills"": [""Project Management"", ""Team Leadership""], ""Projects"": [""Website Redesign"", ""Product Launch""]}, {""Name"": ""Jane Smith"", ""Age"": 29, ""Skills"": [""Graphic Design"", ""UX/UI Design""], ""Projects"": [""Mobile App"", ""Website Redesign""]}],""Departments"": [{""Name"": ""Development"", ""Budget"": 200000, ""Technologies"": [""Python"", ""React""]}, {""Name"": ""Marketing"", ""Budget"": 150000, ""Campaigns"": [""Social Media"", ""Email Marketing""]}]}}. Extract information on employees' projects and the technologies used in the Development department, preserving the original JSON structure. Summarize this in a 1 liner.","{""Company"": {""Employees"": [{""Name"": ""John Doe"", ""Projects"": [""Website Redesign"", ""Product Launch""]}, {""Name"": ""Jane Smith"", ""Projects"": [""Mobile App"", ""Website Redesign""]}], ""Departments"": [{""Name"": ""Development"", ""Technologies"": [""Python"", ""React""]}]}}"
"Database: {""Art Gallery"": {""Exhibits"": [{""Title"": ""Impressions of the Sea"", ""Artist"": ""Claire Monet"", ""Colors"": [""Blue"", ""Green""]}, {""Title"": ""Shadows in Twilight"", ""Artist"": ""Eva Cortez"", ""Colors"": [""Purple"", ""Black"", ""Grey""]}, {""Title"": ""Morning Glory"", ""Artist"": ""John Doe""}], ""Visitors"": [{""Name"": ""Alice"", ""Favorite Colors"": [""Blue"", ""Purple""]}, {""Name"": ""Bob"", ""Favorite Colors"": [""Green"", ""Black""]}]}}. List all colors mentioned in the database. Summarize this in a 1 liner.","{""Art Gallery"": {""Exhibits"": [{""Title"": ""Impressions of the Sea"", ""Artist"": ""Claire Monet"", ""Colors"": [""Blue"", ""Green""]}, {""Title"": ""Shadows in Twilight"", ""Artist"": ""Eva Cortez"", ""Colors"": [""Purple"", ""Black"", ""Grey""]}], ""Visitors"": [{""Name"": ""Alice"", ""Favorite Colors"": [""Blue"", ""Purple""]}, {""Name"": ""Bob"", ""Favorite Colors"": [""Green"", ""Black""]}]}}"
"Database: {""Library"": {""Books"": [{""Title"": ""Journey Through Time"", ""Author"": ""Liam F. Wright"", ""Pages"": 300}, {""Title"": ""The Color of Magic"", ""Author"": ""Tara M. Holmes""}, {""Title"": ""This Side of Paradise"", ""Author"": ""F. Scott Fitzgerald"", ""Pages"": 250}], ""Members"": [{""Name"": ""Nathan"", ""Books Read"": 12}, {""Name"": ""Olivia"", ""Books Read"": 15}]}}. List all numbers mentioned in the database, including pages in books and books read by members. Present this in a 1 liner.","{""Library"": {""Books"": [{""Title"": ""Journey Through Time"", ""Author"": ""Liam F. Wright"", ""Pages"": 300}, {""Title"": ""This Side of Paradise"", ""Author"": ""F. Scott Fitzgerald"", ""Pages"": 250}], ""Members"": [{""Name"": ""Nathan"", ""Books Read"": 12}, {""Name"": ""Olivia"", ""Books Read"": 15}]}}"
"Database: {""Garden Center"": {""Plants"": [{""Name"": ""Rose"", ""Colors"": [""Red"", ""White""]}, {""Name"": ""Tulip"", ""Colors"": [""Yellow"", ""Red""]}, {""Name"": ""Lavender"", ""Type"": ""Herb""}], ""Tools"": [{""Name"": ""Spade"", ""Quantity"": 15}, {""Name"": ""Rake"", ""Quantity"": 10}]}}. List all colors mentioned in the database.","{""Garden Center"": {""Plants"": [{""Name"": ""Rose"", ""Colors"": [""Red"", ""White""]}, {""Name"": ""Tulip"", ""Colors"": [""Yellow"", ""Red""]}]}}"
"Database: {""Music Festival"": {""Bands"": [{""Name"": ""The Electric Currents"", ""Members"": 4, ""Genre"": ""Electronic""}, {""Name"": ""Harmonic Waves"", ""Members"": 5, ""Genre"": ""Jazz""}], ""Stages"": [{""Name"": ""Main Stage"", ""Performances"": 8}, {""Name"": ""Acoustic Tent"", ""Performances"": 6}]}}. List all numbers mentioned in the database.","{""Music Festival"": {""Bands"": [{""Name"": ""The Electric Currents"", ""Members"": 4, ""Genre"": ""Electronic""}, {""Name"": ""Harmonic Waves"", ""Members"": 5, ""Genre"": ""Jazz""}], ""Stages"": [{""Name"": ""Main Stage"", ""Performances"": 8}, {""Name"": ""Acoustic Tent"", ""Performances"": 6}]}}"
"Database: {""Car Showroom"": {""Cars"": [{""Model"": ""Thunderbolt"", ""Colors"": [""Silver"", ""Black""]}, {""Model"": ""Nightshade"", ""Colors"": [""Black"", ""Dark Blue""]}, {""Model"": ""Daydream"", ""Engine"": ""Electric""}], ""Sales"": [{""Month"": ""January"", ""Units Sold"": 20}, {""Month"": ""February"", ""Units Sold"": 15}]}}. List all colors mentioned in the database.","{""Car Showroom"": {""Cars"": [{""Model"": ""Thunderbolt"", ""Colors"": [""Silver"", ""Black""]}, {""Model"": ""Nightshade"", ""Colors"": [""Black"", ""Dark Blue""]}]}}"
"Database: {""Pet Store"": {""Animals"": [{""Species"": ""Dog"", ""Breed"": ""Labrador"", ""Colors"": [""Black"", ""Brown""]}, {""Species"": ""Cat"", ""Breed"": ""Siamese"", ""Colors"": [""White"", ""Cream""]}, {""Species"": ""Fish"", ""Type"": ""Goldfish""}], ""Employees"": [{""Name"": ""Jake"", ""Role"": ""Manager""}, {""Name"": ""Amy"", ""Role"": ""Sales Associate""}, {""Name"": ""Tim"", ""Role"": ""Janitor""}]}}. List all colors mentioned in the database.","{""Pet Store"": {""Animals"": [{""Species"": ""Dog"", ""Breed"": ""Labrador"", ""Colors"": [""Black"", ""Brown""]}, {""Species"": ""Cat"", ""Breed"": ""Siamese"", ""Colors"": [""White"", ""Cream""]}]}}"
"Database: {""Cocktail Bar"": {""Drinks"": [{""Name"": ""Mojito"", ""Ingredients"": [""Mint"", ""Lime"", ""Rum""]}, {""Name"": ""Sunset Breeze"", ""Ingredients"": [""Orange Juice"", ""Grenadine"", ""Vodka""]}, {""Name"": ""Cosmopolitan"", ""Ingredients"": [""Cranberry Juice""]}], ""Bartenders"": [{""Name"": ""Tom"", ""Specialty"": ""Mojito""}, {""Name"": ""Diana"", ""Specialty"": ""Sunset Breeze""}, {""Name"": ""Lucas""}]}}. List all imgredients in the database.","{""Cocktail Bar"": {""Drinks"": [{""Name"": ""Mojito"", ""Ingredients"": [""Mint"", ""Lime"", ""Rum""]}, {""Name"": ""Sunset Breeze"", ""Ingredients"": [""Orange Juice"", ""Grenadine"", ""Vodka""]}, {""Name"": ""Cosmopolitan"", ""Ingredients"": [""Cranberry Juice""]}]}}"
